{
  "id": "2291749",
  "name": "blog",
  "font_family": "iconfont",
  "css_prefix_text": "icon-",
  "description": "博客主题图标",
  "glyphs": [
    {
      "icon_id": "7753840",
      "name": "save from cloud.1",
      "font_class": "sources",
      "unicode": "ea4d",
      "unicode_decimal": 59981
    },
    {
      "icon_id": "562685",
      "name": "Left",
      "font_class": "left",
      "unicode": "e622",
      "unicode_decimal": 58914
    },
    {
      "icon_id": "562700",
      "name": "Right",
      "font_class": "right",
      "unicode": "e62b",
      "unicode_decimal": 58923
    },
    {
      "icon_id": "4111368",
      "name": "map",
      "font_class": "map",
      "unicode": "e648",
      "unicode_decimal": 58952
    },
    {
      "icon_id": "929736",
      "name": "rss",
      "font_class": "rss",
      "unicode": "e7ea",
      "unicode_decimal": 59370
    },
    {
      "icon_id": "11518978",
      "name": "share",
      "font_class": "share",
      "unicode": "e62a",
      "unicode_decimal": 58922
    },
    {
      "icon_id": "14469064",
      "name": "目录",
      "font_class": "toc",
      "unicode": "e7c1",
      "unicode_decimal": 59329
    },
    {
      "icon_id": "11059040",
      "name": "comment",
      "font_class": "comment",
      "unicode": "e602",
      "unicode_decimal": 58882
    },
    {
      "icon_id": "12819326",
      "name": "go-top",
      "font_class": "go-top",
      "unicode": "e61e",
      "unicode_decimal": 58910
    },
    {
      "icon_id": "15838582",
      "name": "arrow-down-filling",
      "font_class": "arrow-down-filling",
      "unicode": "e688",
      "unicode_decimal": 59016
    },
    {
      "icon_id": "15838584",
      "name": "arrow-right-filling",
      "font_class": "arrow-right-filling",
      "unicode": "e689",
      "unicode_decimal": 59017
    },
    {
      "icon_id": "9277678",
      "name": "导语icon",
      "font_class": "quote",
      "unicode": "ec30",
      "unicode_decimal": 60464
    },
    {
      "icon_id": "7184879",
      "name": "浏览",
      "font_class": "views",
      "unicode": "e63d",
      "unicode_decimal": 58941
    },
    {
      "icon_id": "7715030",
      "name": "menu",
      "font_class": "menu",
      "unicode": "e64b",
      "unicode_decimal": 58955
    },
    {
      "icon_id": "4306875",
      "name": "search",
      "font_class": "search",
      "unicode": "e6e4",
      "unicode_decimal": 59108
    },
    {
      "icon_id": "924584",
      "name": "users",
      "font_class": "users",
      "unicode": "e976",
      "unicode_decimal": 59766
    },
    {
      "icon_id": "1005879",
      "name": "Twitter",
      "font_class": "twitter",
      "unicode": "e726",
      "unicode_decimal": 59174
    },
    {
      "icon_id": "535830",
      "name": "wechat",
      "font_class": "wechat",
      "unicode": "e642",
      "unicode_decimal": 58946
    },
    {
      "icon_id": "544477",
      "name": "clock",
      "font_class": "clock",
      "unicode": "e71d",
      "unicode_decimal": 59165
    },
    {
      "icon_id": "785030",
      "name": "连接",
      "font_class": "lianjie",
      "unicode": "e659",
      "unicode_decimal": 58969
    },
    {
      "icon_id": "830233",
      "name": "开源中国社区",
      "font_class": "oschina",
      "unicode": "e60d",
      "unicode_decimal": 58893
    },
    {
      "icon_id": "1048897",
      "name": "Facebook",
      "font_class": "facebook",
      "unicode": "e632",
      "unicode_decimal": 58930
    },
    {
      "icon_id": "1244207",
      "name": "知乎",
      "font_class": "zhihu",
      "unicode": "e69a",
      "unicode_decimal": 59034
    },
    {
      "icon_id": "2075257",
      "name": "微博",
      "font_class": "tencent-weibo",
      "unicode": "e606",
      "unicode_decimal": 58886
    },
    {
      "icon_id": "2199054",
      "name": "word",
      "font_class": "word",
      "unicode": "e617",
      "unicode_decimal": 58903
    },
    {
      "icon_id": "3731051",
      "name": "查看次数",
      "font_class": "chakancishu",
      "unicode": "e636",
      "unicode_decimal": 58934
    },
    {
      "icon_id": "4867065",
      "name": "电话",
      "font_class": "dianhua",
      "unicode": "e64a",
      "unicode_decimal": 58954
    },
    {
      "icon_id": "5666431",
      "name": "邮件",
      "font_class": "email",
      "unicode": "e615",
      "unicode_decimal": 58901
    },
    {
      "icon_id": "7542722",
      "name": "24gl-tags4",
      "font_class": "tags",
      "unicode": "e87d",
      "unicode_decimal": 59517
    },
    {
      "icon_id": "7550288",
      "name": "QQ",
      "font_class": "QQ",
      "unicode": "e69e",
      "unicode_decimal": 59038
    },
    {
      "icon_id": "7811791",
      "name": "calendar",
      "font_class": "calendar",
      "unicode": "e61d",
      "unicode_decimal": 58909
    },
    {
      "icon_id": "9512712",
      "name": "微博",
      "font_class": "weibo",
      "unicode": "e645",
      "unicode_decimal": 58949
    },
    {
      "icon_id": "10793043",
      "name": "alipay",
      "font_class": "alipay",
      "unicode": "e61f",
      "unicode_decimal": 58911
    },
    {
      "icon_id": "12095056",
      "name": "cc",
      "font_class": "cc",
      "unicode": "e601",
      "unicode_decimal": 58881
    },
    {
      "icon_id": "13743932",
      "name": "gitee-fill-round",
      "font_class": "gitee",
      "unicode": "e686",
      "unicode_decimal": 59014
    },
    {
      "icon_id": "15999069",
      "name": "版权",
      "font_class": "copyright",
      "unicode": "e6b5",
      "unicode_decimal": 59061
    },
    {
      "icon_id": "16034615",
      "name": "gitlab-line",
      "font_class": "gitlab",
      "unicode": "e658",
      "unicode_decimal": 58968
    },
    {
      "icon_id": "17777935",
      "name": "定位",
      "font_class": "coordinate",
      "unicode": "e607",
      "unicode_decimal": 58887
    },
    {
      "icon_id": "18018919",
      "name": "github",
      "font_class": "github",
      "unicode": "e621",
      "unicode_decimal": 58913
    }
  ]
}
